ID,TIME,lng_h,lat_h,lng_w,lat_w
HLT3VC,2023-12-31T10:42:19+0000,2.1489328,41.48388218,2.02545526,41.54604601
HLT3VC,2024-01-04T18:54:07+0000,2.13309403,41.48935115,2.05299781,41.4831244
HLT3VC,2023-12-30T17:28:58+0000,2.11637464,41.5349353,2.0969046,41.54983743
HLT3VC,2023-12-26T15:16:06+0000,2.12999303,41.49721049,2.09692127,41.47706181
HLT3VC,2023-12-28T18:56:18+0000,2.13332987,41.48920234,2.10306015,41.55319787
HLT3VC,2024-01-05T18:59:10+0000,2.13305805,41.48918874,2.106185,41.84376367
HLT3VC,2024-01-06T12:26:19+0000,2.106185,41.84376367,2.11634285,41.53495183
HLT3VC,2023-12-30T12:02:55+0000,2.13294403,41.48921658,2.11637464,41.5349353
HLT3VC,2023-12-26T12:07:59+0000,2.13316891,41.48935517,2.12999303,41.49721049
HLT3VC,2024-01-06T17:35:40+0000,2.11634285,41.53495183,2.13185206,41.4940346
HLT3VC,2023-12-24T12:02:00+0000,2.1331116,41.48932844,2.13293409,41.4891838
HLT3VC,2024-01-05T12:11:35+0000,2.05299781,41.4831244,2.13294285,41.48920991
HLT3VC,2024-01-03T01:34:58+0000,2.1331116,41.48932844,2.13294285,41.48920991
HLT3VC,2023-12-23T13:02:54+0000,2.16376374,41.38380829,2.13294403,41.48921658
HLT3VC,2023-12-30T10:22:30+0000,2.1489328,41.48388218,2.13294403,41.48921658
HLT3VC,2023-12-24T17:57:39+0000,2.13293409,41.4891838,2.13294403,41.48921658
HLT3VC,2023-12-27T13:47:42+0000,2.1330452,41.48928903,2.13294403,41.48921658
HLT3VC,2023-12-31T16:43:01+0000,2.1331116,41.48932844,2.13294403,41.48921658
HLT3VC,2023-12-28T21:02:11+0000,2.10306015,41.55319787,2.13294403,41.48921658
HLT3VC,2023-12-29T00:38:10+0000,2.13294403,41.48921658,2.1330452,41.48928903
HLT3VC,2023-12-27T12:00:42+0000,2.13318282,41.4893464,2.1330452,41.48928903
HLT3VC,2024-01-07T15:29:33+0000,2.13927147,41.49106027,2.1330452,41.48928903
HLT3VC,2023-12-30T20:11:38+0000,2.0969046,41.54983743,2.1330452,41.48928903
HLT3VC,2024-01-05T18:14:23+0000,2.13926856,41.49106618,2.13305805,41.48918874
HLT3VC,2024-01-01T01:34:47+0000,2.13294403,41.48921658,2.13306278,41.48926632
HLT3VC,2023-12-23T21:19:02+0000,2.22925211,41.47601309,2.13307563,41.48916602
HLT3VC,2024-01-03T11:49:23+0000,2.13294285,41.48920991,2.13309403,41.48935115
HLT3VC,2023-12-29T11:06:58+0000,2.1330452,41.48928903,2.13309403,41.48935115
HLT3VC,2024-01-04T11:22:42+0000,2.137031,41.494168,2.13309403,41.48935115
HLT3VC,2023-12-26T17:35:04+0000,2.1331768,41.48923848,2.13310063,41.48924226
HLT3VC,2023-12-24T10:56:51+0000,2.14898895,41.48385166,2.1331116,41.48932844
HLT3VC,2024-01-02T01:34:52+0000,2.13306278,41.48926632,2.1331116,41.48932844
HLT3VC,2023-12-31T16:06:25+0000,2.14545857,41.4902768,2.1331116,41.48932844
HLT3VC,2024-01-06T21:41:13+0000,2.13185206,41.4940346,2.13316826,41.48936102
HLT3VC,2023-12-25T12:12:16+0000,2.13294403,41.48921658,2.13316891,41.48935517
HLT3VC,2023-12-26T16:06:38+0000,2.09692127,41.47706181,2.1331768,41.48923848
HLT3VC,2023-12-27T18:05:55+0000,2.13294403,41.48921658,2.1331768,41.48923848
HLT3VC,2023-12-26T18:53:28+0000,2.13310063,41.48924226,2.13318282,41.4893464
HLT3VC,2023-12-28T14:33:01+0000,2.13738576,41.50878393,2.13332987,41.48920234
HLT3VC,2024-01-03T18:27:17+0000,2.13309403,41.48935115,2.137031,41.494168
HLT3VC,2023-12-28T12:28:49+0000,2.1331768,41.48923848,2.13738576,41.50878393
HLT3VC,2024-01-05T15:21:46+0000,2.13294285,41.48920991,2.13926856,41.49106618
HLT3VC,2023-12-31T12:11:27+0000,2.02545526,41.54604601,2.14545857,41.4902768
HLT3VC,2023-12-31T00:56:08+0000,2.1330452,41.48928903,2.1489328,41.48388218
HLT3VC,2023-12-29T19:03:53+0000,2.13309403,41.48935115,2.1489328,41.48388218
HLT3VC,2023-12-23T10:27:19+0000,2.14898895,41.48385166,2.14898895,41.48385166
HLT3VC,2023-12-24T00:46:26+0000,2.13307563,41.48916602,2.14898895,41.48385166
KYV43U,2024-01-07T12:53:43+0000,11.96313082,48.0944896,2.14898895,41.48385166
HLT3VC,2023-12-23T11:09:32+0000,2.14898895,41.48385166,2.16376374,41.38380829
HLT3VC,2023-12-23T17:44:50+0000,2.13294403,41.48921658,2.22925211,41.47601309
47DPFZ,2023-12-30T15:52:49+0000,3.22241651,51.20810178,3.22241651,51.20810178
47DPFZ,2023-12-30T13:05:18+0000,3.22472898,51.20918195,3.22241651,51.20810178
47DPFZ,2023-12-28T18:13:07+0000,3.22338943,51.2092981,3.22241651,51.20810178
47DPFZ,2023-12-29T17:51:43+0000,3.22420901,51.21118282,3.22241651,51.20810178
47DPFZ,2023-12-23T19:01:15+0000,7.40653304,51.67692584,3.22241651,51.20810178
47DPFZ,2023-12-28T15:51:03+0000,3.2274035,51.2072215,3.22338943,51.2092981
47DPFZ,2023-12-28T19:35:30+0000,3.22241651,51.20810178,3.22394651,51.2110635
47DPFZ,2023-12-29T15:28:36+0000,3.22640438,51.20653458,3.22420901,51.21118282
47DPFZ,2023-12-29T19:20:32+0000,3.22241651,51.20810178,3.22472898,51.20918195
47DPFZ,2023-12-29T11:44:32+0000,3.22394651,51.2110635,3.22640438,51.20653458
47DPFZ,2023-12-28T14:35:50+0000,3.22241651,51.20810178,3.2274035,51.2072215
47DPFZ,2023-12-31T17:20:57+0000,7.06508956,51.54655869,7.06500694,51.54648483
47DPFZ,2023-12-31T12:27:24+0000,7.40637918,51.67685415,7.06508956,51.54655869
47DPFZ,2023-12-30T19:18:35+0000,3.22241651,51.20810178,7.40637918,51.67685415
47DPFZ,2023-12-31T23:47:22+0000,7.06500694,51.54648483,7.40637918,51.67685415
A9ARFG,2024-01-05T15:13:16+0000,11.63421714,48.30355013,7.40653304,51.67692584
47DPFZ,2023-12-24T19:01:21+0000,7.40653304,51.67692584,7.40653304,51.67692584
47DPFZ,2023-12-25T19:01:22+0000,7.40653304,51.67692584,7.40653304,51.67692584
47DPFZ,2023-12-26T14:09:55+0000,7.40664306,51.67716635,7.40653304,51.67692584
47DPFZ,2023-12-27T13:48:32+0000,7.40664306,51.67716635,7.40664306,51.67716635
LGXH6H,2023-12-25T12:51:59+0000,7.93422514,46.91396028,7.43947731,46.94982232
RTTXRK,2023-12-25T12:53:05+0000,7.9340971,46.91380697,7.43952637,46.94985071
RTTXRK,2023-12-25T14:36:56+0000,7.43952637,46.94985071,7.57194644,47.57779175
LGXH6H,2023-12-25T14:37:09+0000,7.43947731,46.94982232,7.57199881,47.57781174
LGXH6H,2023-12-25T19:09:12+0000,7.57199881,47.57781174,7.5864644,47.55890443
RTTXRK,2023-12-25T19:08:48+0000,7.57194644,47.57779175,7.58672167,47.55907733
RTTXRK,2023-12-24T21:03:56+0000,8.30023683,47.02746086,8.27823993,47.18547627
LGXH6H,2023-12-25T08:52:43+0000,8.2999534,47.02719492,8.27838476,47.18578573
LGXH6H,2023-12-24T21:04:10+0000,8.30056343,47.02738247,8.2999534,47.02719492
RTTXRK,2023-12-24T16:45:37+0000,8.31001786,47.06311444,8.30066789,47.02757531
LGXH6H,2023-12-24T16:45:22+0000,8.31009846,47.06324813,8.30066789,47.02757531
RTTXRK,2023-12-24T14:48:03+0000,8.30059402,47.02756184,8.31001786,47.06311444
LGXH6H,2023-12-24T14:48:20+0000,8.30059402,47.02756184,8.31009846,47.06324813
KYV43U,2023-12-27T13:28:26+0000,8.78555743,49.65497812,8.5628493,49.52531063
UUT9T3,2023-12-27T13:28:28+0000,8.78563335,49.65502479,8.56304572,49.52522649
FL7LRL,2023-12-23T13:42:09+0000,8.68501467,50.11358446,8.64977681,50.12333428
GTXNAD,2024-01-07T08:58:52+0000,11.56922537,48.28710157,8.6504127,50.11684146
RTTXRK,2023-12-26T09:25:36+0000,7.58672167,47.55907733,8.66311132,48.34322315
FL7LRL,2023-12-23T11:30:10+0000,8.6504127,50.11684146,8.68501467,50.11358446
FL7LRL,2023-12-23T15:16:38+0000,8.64977681,50.12333428,8.76009065,50.08616112
KYV43U,2023-12-26T15:57:09+0000,8.95569188,49.68451504,8.78555743,49.65497812
UUT9T3,2023-12-26T15:56:56+0000,8.95569188,49.68451504,8.78563335,49.65502479
LGXH6H,2023-12-23T18:12:05+0000,9.23003569,48.47317718,8.78589166,47.86158983
RTTXRK,2023-12-23T18:10:00+0000,9.23003569,48.47317718,8.78603091,47.86162766
KYV43U,2023-12-27T14:48:33+0000,8.5628493,49.52531063,8.95553429,49.6844521
UUT9T3,2023-12-23T15:49:58+0000,9.00208974,49.68240623,8.95556152,49.68440447
UUT9T3,2023-12-25T14:32:21+0000,9.00430487,49.74328644,8.95556152,49.68440447
UUT9T3,2023-12-27T14:48:31+0000,8.56304572,49.52522649,8.95569188,49.68451504
KYV43U,2023-12-24T13:36:22+0000,8.99047602,49.66015567,8.95569188,49.68451504
UUT9T3,2023-12-25T15:56:51+0000,8.95556152,49.68440447,8.95569188,49.68451504
KYV43U,2023-12-25T15:57:00+0000,8.95569188,49.68451504,8.95569188,49.68451504
KYV43U,2023-12-25T14:32:32+0000,9.00420731,49.74330585,8.95569188,49.68451504
UUT9T3,2023-12-23T18:30:07+0000,8.95556152,49.68440447,8.99041037,49.66023275
YJURU7,2024-01-07T15:57:31+0000,11.6612873,48.0987857,9.00208974,49.68240623
KYV43U,2023-12-27T20:04:59+0000,8.95553429,49.6844521,9.00344374,49.74679854
UUT9T3,2023-12-27T20:04:47+0000,8.95569188,49.68451504,9.00348869,49.74699989
KYV43U,2023-12-24T14:36:24+0000,8.95569188,49.68451504,9.00420731,49.74330585
KYV43U,2023-12-28T12:45:38+0000,9.00344374,49.74679854,9.00585531,49.74204833
UUT9T3,2023-12-28T12:45:26+0000,9.00348869,49.74699989,9.00585531,49.74204833
RTTXRK,2023-12-26T18:58:27+0000,9.23007805,48.47314992,9.17821975,48.77298062
LGXH6H,2023-12-26T18:58:29+0000,9.23003569,48.47317718,9.1782202,48.77298145
TGQR66,2024-01-06T22:31:56+0000,11.4106859,48.15034076,9.22270285,48.48034803
LGXH6H,2023-12-23T17:33:42+0000,9.22270285,48.48034803,9.23003569,48.47317718
RTTXRK,2023-12-23T17:33:42+0000,9.22270285,48.48034803,9.23003569,48.47317718
LGXH6H,2023-12-26T18:33:51+0000,9.23041682,48.48192602,9.23003569,48.47317718
RTTXRK,2023-12-26T18:34:01+0000,9.23041682,48.48192602,9.23007805,48.47314992
RTTXRK,2023-12-26T17:14:55+0000,8.66311132,48.34322315,9.23041682,48.48192602
FL7LRL,2023-12-23T16:34:50+0000,8.76009065,50.08616112,9.57476542,49.77673329
RTTXRK,2024-01-01T12:59:23+0000,11.58569478,48.20192691,10.75392916,48.17987603
LGXH6H,2024-01-01T12:59:23+0000,11.5858565,48.2017265,10.75394139,48.17990383
RTTXRK,2024-01-01T14:29:01+0000,10.75392916,48.17987603,10.92894129,48.36140908
LGXH6H,2024-01-02T08:32:24+0000,11.56922537,48.28710157,10.92894396,48.36138757
RTTXRK,2024-01-02T08:33:09+0000,11.56922537,48.28710157,11.14373038,46.61421425
RTTXRK,2024-01-03T14:12:18+0000,11.16278712,46.60091242,11.1446901,46.60277919
LGXH6H,2024-01-03T14:11:27+0000,11.16267328,46.60111202,11.1446901,46.60277919
RTTXRK,2024-01-03T10:59:56+0000,11.14373038,46.61421425,11.1446901,46.60277919
LGXH6H,2024-01-03T10:59:33+0000,11.14354259,46.61398091,11.16267328,46.60111202
RTTXRK,2024-01-03T14:43:41+0000,11.1446901,46.60277919,11.16278712,46.60091242
LGXH6H,2024-01-03T14:43:23+0000,11.1446901,46.60277919,11.1667497,46.65595156
RTTXRK,2024-01-05T21:05:08+0000,11.56975737,48.28187361,11.16701513,46.65603802
RTTXRK,2024-01-02T18:51:04+0000,11.1446901,46.60277919,11.16929027,46.66147713
LGXH6H,2024-01-03T18:49:46+0000,11.1667497,46.65595156,11.16929027,46.66147713
TGQR66,2024-01-06T18:03:00+0000,13.57987816,46.91943897,11.4106859,48.15034076
CAFMTC,2023-12-24T14:42:33+0000,11.41725499,48.16429478,11.41722811,48.16440524
CAFMTC,2023-12-27T14:35:56+0000,11.49768943,48.14365215,11.41725499,48.16429478
CAFMTC,2023-12-31T16:44:04+0000,11.41725499,48.16429478,11.41725499,48.16429478
CAFMTC,2023-12-30T16:44:02+0000,11.41725499,48.16429478,11.41725499,48.16429478
CAFMTC,2023-12-29T16:43:52+0000,11.41725499,48.16429478,11.41725499,48.16429478
CAFMTC,2023-12-27T15:44:26+0000,11.41725499,48.16429478,11.41725499,48.16429478
CAFMTC,2023-12-23T14:42:31+0000,11.41738067,48.16434131,11.41725499,48.16429478
CAFMTC,2023-12-25T14:42:37+0000,11.41722811,48.16440524,11.41725499,48.16429478
CAFMTC,2023-12-29T10:49:36+0000,11.75290461,48.39656366,11.41725499,48.16429478
FL7LRL,2024-01-07T17:39:55+0000,11.58315315,48.27740293,11.41738067,48.16434131
YJURU7,2023-12-29T09:37:32+0000,11.58358258,48.27740416,11.42637807,48.14286024
FL7LRL,2023-12-29T09:37:54+0000,11.58324832,48.27747362,11.42637807,48.14286024
47DPFZ,2024-01-06T16:20:47+0000,11.4934149,48.39258302,11.49337931,48.39259288
47DPFZ,2024-01-02T08:11:31+0000,11.569098,48.2872165,11.4934149,48.39258302
47DPFZ,2024-01-04T16:20:45+0000,11.493551,48.39257639,11.4934149,48.39258302
47DPFZ,2024-01-05T16:20:45+0000,11.4934149,48.39258302,11.4934149,48.39258302
47DPFZ,2024-01-03T16:20:29+0000,11.493551,48.39257639,11.493551,48.39257639
47DPFZ,2024-01-02T16:20:18+0000,11.4934149,48.39258302,11.493551,48.39257639
47DPFZ,2024-01-01T05:10:18+0000,7.40637918,51.67685415,11.493571,48.39259512
CAFMTC,2023-12-26T14:42:39+0000,11.41725499,48.16429478,11.49768943,48.14365215
CAFMTC,2024-01-01T16:44:09+0000,11.41725499,48.16429478,11.50298326,48.1446662
KYV43U,2024-01-05T09:18:01+0000,11.96315241,48.09451483,11.5037832,48.08746908
KYV43U,2024-01-04T13:59:44+0000,11.96305791,48.094486,11.50385843,48.08722164
UUT9T3,2024-01-05T09:17:59+0000,11.96313622,48.0944965,11.50388481,48.08741238
UUT9T3,2024-01-04T13:59:48+0000,11.96310126,48.094516,11.50388481,48.08741238
UUT9T3,2024-01-02T11:57:32+0000,11.53107812,48.18267276,11.50447391,48.08769189
KYV43U,2024-01-02T11:57:58+0000,11.53108517,48.18298673,11.50449736,48.08769543
YJURU7,2023-12-29T18:02:16+0000,11.58349139,48.27733492,11.55571173,48.13741621
FL7LRL,2024-01-01T18:15:52+0000,11.58315983,48.27738894,11.55759611,48.25961898
YJURU7,2024-01-01T18:15:53+0000,11.58315983,48.27738894,11.55762204,48.25957974
YJURU7,2023-12-29T15:36:29+0000,11.66949615,48.32123623,11.55762204,48.25957974
YJURU7,2023-12-31T17:17:46+0000,11.58315983,48.27738894,11.55901481,48.24821626
FL7LRL,2023-12-31T17:18:23+0000,11.58315983,48.27738894,11.55908805,48.2481374
YJURU7,2024-01-02T14:28:59+0000,11.55762204,48.25957974,11.5612235,48.2855705
FL7LRL,2024-01-02T14:26:26+0000,11.55759611,48.25961898,11.56122973,48.28554847
YJURU7,2024-01-05T11:13:42+0000,11.60180593,48.14039079,11.56150596,48.28589441
FL7LRL,2024-01-04T20:23:00+0000,11.58315983,48.27738894,11.56150596,48.28589441
YJURU7,2024-01-05T13:55:15+0000,11.56860064,48.27277802,11.56155316,48.28591458
FL7LRL,2024-01-05T13:55:37+0000,11.56859638,48.27274992,11.56156371,48.28591656
FL7LRL,2024-01-05T14:45:04+0000,11.56962195,48.27229745,11.56318528,48.20810022
YJURU7,2024-01-05T14:42:14+0000,11.5696759,48.27235268,11.56326979,48.20821621
RTTXRK,2023-12-28T16:33:48+0000,11.59720947,48.19404461,11.56786254,48.18769712
LGXH6H,2023-12-28T16:33:54+0000,11.59609972,48.1940532,11.56796243,48.18792326
FL7LRL,2024-01-05T12:23:38+0000,11.58315983,48.27738894,11.56859638,48.27274992
YJURU7,2024-01-05T12:23:46+0000,11.58315983,48.27738894,11.56860064,48.27277802
LGXH6H,2024-01-01T14:28:53+0000,10.75394139,48.17990383,11.56901703,48.18681315
RTTXRK,2023-12-31T11:19:44+0000,11.70634893,48.02086467,11.56904883,48.18685497
LGXH6H,2023-12-29T17:30:17+0000,11.59443859,48.19333525,11.56904883,48.18685497
RTTXRK,2023-12-27T19:16:44+0000,11.58563217,48.20154556,11.56904883,48.18685497
LGXH6H,2023-12-27T19:16:25+0000,11.58579854,48.20194594,11.56904883,48.18685497
RTTXRK,2024-01-01T15:58:57+0000,10.92894129,48.36140908,11.56905267,48.18689729
47DPFZ,2024-01-01T18:45:06+0000,11.493571,48.39259512,11.569098,48.2872165
RTTXRK,2023-12-29T17:30:23+0000,11.59455854,48.1931354,11.56910466,48.18682686
LGXH6H,2023-12-31T11:19:33+0000,11.70638659,48.0208413,11.56913063,48.18685604
GTXNAD,2023-12-29T08:58:14+0000,11.56917967,48.28708733,11.56915467,48.28708167
HLT3VC,2024-01-07T18:21:29+0000,2.1330452,41.48928903,11.56917967,48.28708733
GTXNAD,2023-12-30T08:58:14+0000,11.56915467,48.28708167,11.56917967,48.28708733
CAFMTC,2024-01-03T08:14:42+0000,11.5691817,48.28708591,11.56917967,48.28708733
GTXNAD,2024-01-03T08:58:16+0000,11.5691817,48.28708591,11.56917967,48.28708733
GTXNAD,2023-12-26T08:58:16+0000,11.5691817,48.28708591,11.56917967,48.28708733
GTXNAD,2024-01-04T08:58:34+0000,11.56917967,48.28708733,11.56917967,48.28708733
GTXNAD,2023-12-28T08:58:14+0000,11.56917967,48.28708733,11.56917967,48.28708733
GTXNAD,2023-12-27T08:58:16+0000,11.56917967,48.28708733,11.56917967,48.28708733
GTXNAD,2023-12-24T08:58:16+0000,11.56917967,48.28708733,11.56917967,48.28708733
CAFMTC,2024-01-02T08:14:37+0000,11.56921337,48.28708691,11.5691817,48.28708591
GTXNAD,2024-01-02T08:58:14+0000,11.56921337,48.28708691,11.5691817,48.28708591
GTXNAD,2023-12-31T08:58:14+0000,11.56917967,48.28708733,11.5691817,48.28708591
GTXNAD,2023-12-25T08:58:16+0000,11.56917967,48.28708733,11.5691817,48.28708591
CAFMTC,2024-01-02T07:22:03+0000,11.50298326,48.1446662,11.56921337,48.28708691
GTXNAD,2024-01-01T08:58:14+0000,11.5691817,48.28708591,11.56921337,48.28708691
CAFMTC,2024-01-04T08:14:50+0000,11.56917967,48.28708733,11.56921337,48.28708691
GTXNAD,2024-01-05T08:58:43+0000,11.56917967,48.28708733,11.56921337,48.28708691
CAFMTC,2024-01-06T08:14:58+0000,11.56922537,48.28710157,11.56921337,48.28708691
RTTXRK,2024-01-01T18:15:51+0000,11.56905267,48.18689729,11.56922537,48.28710157
CAFMTC,2024-01-05T08:14:57+0000,11.56921337,48.28708691,11.56922537,48.28710157
GTXNAD,2024-01-06T08:58:52+0000,11.56921337,48.28708691,11.56922537,48.28710157
LGXH6H,2024-01-05T16:12:19+0000,11.60103796,47.29562439,11.56948988,48.28188142
FL7LRL,2024-01-05T14:19:12+0000,11.56156371,48.28591656,11.56962195,48.27229745
YJURU7,2024-01-05T14:19:04+0000,11.56155316,48.28591458,11.5696759,48.27235268
RTTXRK,2024-01-05T16:14:10+0000,11.60104241,47.29562312,11.56975737,48.28187361
LGXH6H,2024-01-05T21:05:51+0000,11.56948988,48.28188142,11.5701246,48.28170059
YJURU7,2024-01-03T15:30:48+0000,11.58128445,48.15982685,11.57105598,48.13205656
FL7LRL,2024-01-03T15:31:00+0000,11.58129887,48.15985836,11.57116294,48.13212709
RTTXRK,2023-12-30T18:10:47+0000,11.58799106,48.13521233,11.57495397,48.18896033
LGXH6H,2023-12-30T18:11:42+0000,11.58784024,48.1353422,11.57497146,48.18897178
FL7LRL,2024-01-01T15:37:26+0000,11.58315932,48.27745138,11.57624084,48.11410934
YJURU7,2024-01-03T16:47:38+0000,11.57105598,48.13205656,11.57635,48.1340868
FL7LRL,2024-01-03T16:46:51+0000,11.57116294,48.13212709,11.57635,48.1340868
YJURU7,2024-01-01T15:41:17+0000,11.58315983,48.27738894,11.5763546,48.11414522
YJURU7,2024-01-02T17:01:35+0000,11.58318924,48.27731567,11.58128445,48.15982685
FL7LRL,2024-01-02T17:01:37+0000,11.58325598,48.27732646,11.58129887,48.15985836
YJURU7,2023-12-28T18:34:10+0000,11.78928114,48.14618253,11.5831236,48.27733206
FL7LRL,2024-01-07T15:58:36+0000,11.6612873,48.0987857,11.58315315,48.27740293
FL7LRL,2023-12-28T19:38:32+0000,11.58318924,48.27731567,11.58315315,48.27740293
FL7LRL,2024-01-01T14:32:50+0000,11.55908805,48.2481374,11.58315932,48.27745138
YJURU7,2023-12-30T13:19:29+0000,11.75423572,47.70882907,11.58315983,48.27738894
FL7LRL,2023-12-30T13:18:59+0000,11.75380343,47.70954183,11.58315983,48.27738894
FL7LRL,2024-01-01T16:49:37+0000,11.57624084,48.11410934,11.58315983,48.27738894
YJURU7,2024-01-01T16:49:37+0000,11.5763546,48.11414522,11.58315983,48.27738894
FL7LRL,2024-01-05T11:14:58+0000,11.60173509,48.14037179,11.58315983,48.27738894
YJURU7,2023-12-29T11:38:28+0000,11.42637807,48.14286024,11.58315983,48.27738894
YJURU7,2023-12-30T11:17:23+0000,11.60492361,48.19869331,11.58315983,48.27738894
YJURU7,2024-01-01T14:32:15+0000,11.55901481,48.24821626,11.58315983,48.27738894
FL7LRL,2023-12-23T22:28:47+0000,11.58325598,48.27732646,11.58315983,48.27738894
FL7LRL,2024-01-03T20:22:54+0000,11.58344546,48.2773678,11.58315983,48.27738894
YJURU7,2024-01-03T20:22:29+0000,11.58343878,48.27738179,11.58315983,48.27738894
FL7LRL,2023-12-30T17:16:03+0000,11.58315983,48.27738894,11.58315983,48.27738894
FL7LRL,2023-12-25T16:36:48+0000,11.5825519,48.2774238,11.58315983,48.27738894
YJURU7,2023-12-25T16:36:17+0000,11.5825519,48.2774238,11.58315983,48.27738894
YJURU7,2024-01-05T09:43:10+0000,11.56150596,48.28589441,11.58315983,48.27738894
FL7LRL,2023-12-28T18:33:45+0000,11.78890631,48.14626133,11.58318924,48.27731567
YJURU7,2024-01-02T16:07:16+0000,11.63422381,48.30354479,11.58318924,48.27731567
FL7LRL,2023-12-29T07:40:00+0000,11.58315315,48.27740293,11.58324832,48.27747362
FL7LRL,2024-01-02T16:07:21+0000,11.63418821,48.30351669,11.58325598,48.27732646
FL7LRL,2023-12-23T17:57:37+0000,9.57476542,49.77673329,11.58325598,48.27732646
FL7LRL,2024-01-05T16:31:58+0000,11.6609349,48.09881828,11.58325786,48.27742784
YJURU7,2023-12-30T10:18:26+0000,11.55571173,48.13741621,11.58325786,48.27742784
FL7LRL,2024-01-05T18:11:56+0000,11.58325786,48.27742784,11.58325786,48.27742784
YJURU7,2024-01-05T16:32:06+0000,11.66075971,48.09868982,11.58326453,48.27741385
FL7LRL,2023-12-29T11:38:27+0000,11.42637807,48.14286024,11.58326453,48.27741385
YJURU7,2024-01-03T17:32:10+0000,11.57635,48.1340868,11.58343878,48.27738179
FL7LRL,2024-01-03T17:32:39+0000,11.57635,48.1340868,11.58344546,48.2773678
YJURU7,2023-12-29T16:35:53+0000,11.55762204,48.25957974,11.58349139,48.27733492
YJURU7,2023-12-28T19:38:24+0000,11.5831236,48.27733206,11.58358258,48.27740416
FL7LRL,2023-12-25T10:58:41+0000,11.7918783,48.35165751,11.5836389,48.27737403
YJURU7,2023-12-28T14:46:42+0000,12.36492515,47.86033893,11.58401806,48.27765177
RTTXRK,2023-12-27T12:24:32+0000,9.17821975,48.77298062,11.58563217,48.20154556
RTTXRK,2023-12-31T14:43:49+0000,11.56904883,48.18685497,11.58569478,48.20192691
LGXH6H,2023-12-27T12:23:26+0000,9.1782202,48.77298145,11.58579854,48.20194594
LGXH6H,2023-12-31T14:47:01+0000,11.56913063,48.18685604,11.5858565,48.2017265
RTTXRK,2023-12-30T10:56:41+0000,12.36453041,47.85943779,11.58799106,48.13521233
LGXH6H,2023-12-28T18:10:41+0000,11.56796243,48.18792326,11.59443859,48.19333525
RTTXRK,2023-12-28T18:10:41+0000,11.56786254,48.18769712,11.59455854,48.1931354
LGXH6H,2023-12-27T19:45:20+0000,11.56904883,48.18685497,11.59609972,48.1940532
RTTXRK,2023-12-27T19:45:31+0000,11.56904883,48.18685497,11.59720947,48.19404461
FL7LRL,2024-01-05T09:44:09+0000,11.56150596,48.28589441,11.60173509,48.14037179
YJURU7,2024-01-04T20:22:41+0000,11.58315983,48.27738894,11.60180593,48.14039079
YJURU7,2023-12-29T07:40:00+0000,11.58325786,48.27742784,11.60492361,48.19869331
FL7LRL,2023-12-29T18:02:45+0000,11.58331098,48.27731852,11.60493853,48.19870537
A9ARFG,2023-12-30T11:08:53+0000,11.63299901,48.17948999,11.60664509,48.19753629
KYV43U,2024-01-02T13:58:23+0000,11.66371085,48.04072406,11.62667671,48.09970298
CAFMTC,2024-01-07T08:15:00+0000,11.56921337,48.28708691,11.63016473,48.16483399
A9ARFG,2023-12-29T08:01:58+0000,11.63016473,48.16483399,11.63020286,48.16466007
A9ARFG,2023-12-30T08:06:44+0000,11.63020286,48.16466007,11.63299901,48.17948999
FL7LRL,2024-01-02T15:20:15+0000,11.56122973,48.28554847,11.63418821,48.30351669
YJURU7,2024-01-02T15:21:02+0000,11.5612235,48.2855705,11.63422381,48.30354479
YJURU7,2024-01-05T15:38:13+0000,11.56326979,48.20821621,11.66075971,48.09868982
FL7LRL,2024-01-05T15:38:21+0000,11.56318528,48.20810022,11.6609349,48.09881828
YJURU7,2024-01-06T18:10:27+0000,11.58326453,48.27741385,11.6612873,48.0987857
FL7LRL,2024-01-06T18:12:03+0000,11.58325786,48.27742784,11.6612873,48.0987857
KYV43U,2024-01-02T12:33:55+0000,11.50449736,48.08769543,11.66371085,48.04072406
YJURU7,2023-12-29T13:02:09+0000,11.58315983,48.27738894,11.66949615,48.32123623
RTTXRK,2023-12-30T20:56:13+0000,11.57495397,48.18896033,11.70634893,48.02086467
LGXH6H,2023-12-30T20:55:43+0000,11.57497146,48.18897178,11.70638659,48.0208413
FL7LRL,2023-12-30T11:17:41+0000,11.60493853,48.19870537,11.75380343,47.70954183
YJURU7,2023-12-30T17:17:36+0000,11.58315983,48.27738894,11.75423572,47.70882907
FL7LRL,2023-12-28T14:46:48+0000,12.36492515,47.86033893,11.78890631,48.14626133
YJURU7,2023-12-27T22:04:55+0000,11.58401806,48.27765177,11.78928114,48.14618253
FL7LRL,2023-12-24T22:28:55+0000,11.58315983,48.27738894,11.7918783,48.35165751
KYV43U,2024-01-02T15:55:07+0000,11.62667671,48.09970298,11.88948427,48.30954983
UUT9T3,2024-01-02T15:54:36+0000,11.62690658,48.09977296,11.88949808,48.30983067
KYV43U,2024-01-04T20:21:02+0000,11.96308955,48.0945348,11.95504098,48.07598564
UUT9T3,2024-01-04T20:21:09+0000,11.96310364,48.09452187,11.95520497,48.0759732
UUT9T3,2023-12-29T12:21:18+0000,11.96314223,48.0946269,11.96303282,48.09446391
KYV43U,2024-01-04T13:14:23+0000,11.98643527,48.07930469,11.96305791,48.094486
KYV43U,2023-12-28T18:23:17+0000,11.96307397,48.09456659,11.96306298,48.09453157
KYV43U,2024-01-05T18:31:28+0000,11.96545094,48.04848927,11.96308187,48.09443148
KYV43U,2024-01-03T17:01:47+0000,11.9699965,48.0771045,11.96308807,48.09455366
KYV43U,2023-12-29T12:21:34+0000,11.96306298,48.09453157,11.96308807,48.09455366
UUT9T3,2024-01-02T17:01:05+0000,11.88949808,48.30983067,11.96308807,48.09455366
KYV43U,2024-01-04T20:01:03+0000,11.9651606,48.04838899,11.96308955,48.0945348
UUT9T3,2024-01-05T18:31:17+0000,11.96551214,48.04852408,11.96310126,48.094516
UUT9T3,2024-01-03T17:01:08+0000,11.9699965,48.0771045,11.96310126,48.094516
UUT9T3,2024-01-04T13:14:23+0000,11.98588078,48.07981238,11.96310126,48.094516
UUT9T3,2023-12-30T16:28:41+0000,11.96319487,48.09443444,11.96310304,48.09442781
UUT9T3,2024-01-04T20:00:52+0000,11.96537268,48.04841797,11.96310364,48.09452187
UUT9T3,2024-01-05T18:55:00+0000,11.96310126,48.094516,11.96310364,48.09452187
KYV43U,2024-01-05T18:54:46+0000,11.96308187,48.09443148,11.96311732,48.09459659
KYV43U,2024-01-06T16:01:58+0000,11.96315367,48.0945684,11.96313082,48.0944896
UUT9T3,2024-01-05T08:22:31+0000,11.95520497,48.0759732,11.96313622,48.0944965
UUT9T3,2024-01-04T15:35:31+0000,11.50388481,48.08741238,11.96314136,48.09451572
UUT9T3,2023-12-28T18:22:30+0000,11.96308807,48.09455366,11.96314223,48.0946269
KYV43U,2024-01-05T08:22:29+0000,11.95504098,48.07598564,11.96315241,48.09451483
KYV43U,2024-01-06T15:06:01+0000,12.08490973,47.84248048,11.96315367,48.0945684
KYV43U,2023-12-30T15:21:43+0000,12.16069529,48.06588607,11.96316977,48.09450789
UUT9T3,2023-12-30T15:21:25+0000,12.16119133,48.06568688,11.96319487,48.09443444
UUT9T3,2024-01-06T16:01:55+0000,11.96327299,48.09438205,11.96319642,48.09450434
KYV43U,2023-12-30T16:29:19+0000,11.96316977,48.09450789,11.96319932,48.09448149
KYV43U,2024-01-04T15:35:08+0000,11.50385843,48.08722164,11.96320125,48.09452538
UUT9T3,2024-01-06T15:05:56+0000,12.08493171,47.84252613,11.96327299,48.09438205
KYV43U,2024-01-02T17:01:32+0000,11.88948427,48.30954983,11.96331127,48.09436647
UUT9T3,2024-01-03T15:07:57+0000,11.96914705,48.04562855,11.96391271,48.09413439
KYV43U,2024-01-03T15:08:23+0000,11.96895454,48.0454319,11.96396577,48.09408445
KYV43U,2024-01-04T19:34:16+0000,11.96320125,48.09452538,11.9651606,48.04838899
UUT9T3,2024-01-04T19:33:41+0000,11.96314136,48.09451572,11.96537268,48.04841797
KYV43U,2024-01-05T11:42:48+0000,11.5037832,48.08746908,11.96545094,48.04848927
UUT9T3,2024-01-05T11:42:44+0000,11.50388481,48.08741238,11.96551214,48.04852408
KYV43U,2024-01-02T18:10:12+0000,11.96331127,48.09436647,11.96895454,48.0454319
UUT9T3,2024-01-02T18:09:56+0000,11.96308807,48.09455366,11.96914705,48.04562855
KYV43U,2024-01-03T16:32:31+0000,11.96396577,48.09408445,11.9699965,48.0771045
UUT9T3,2024-01-03T16:32:01+0000,11.96391271,48.09413439,11.9699965,48.0771045
UUT9T3,2024-01-03T17:35:25+0000,11.96310126,48.094516,11.98588078,48.07981238
KYV43U,2024-01-03T17:35:48+0000,11.96308807,48.09455366,11.98643527,48.07930469
KYV43U,2024-01-06T14:24:19+0000,12.13473556,47.86025251,12.08490973,47.84248048
UUT9T3,2024-01-06T14:24:09+0000,12.134604,47.8601467,12.08493171,47.84252613
UUT9T3,2024-01-06T09:39:49+0000,11.96310364,48.09452187,12.134604,47.8601467
KYV43U,2024-01-06T09:30:46+0000,11.96311732,48.09459659,12.13473556,47.86025251
RTTXRK,2023-12-29T18:27:27+0000,11.56910466,48.18682686,12.36453041,47.85943779
YJURU7,2023-12-26T16:36:30+0000,11.58315983,48.27738894,13.03586567,47.79866667
FL7LRL,2023-12-26T16:36:53+0000,11.58315983,48.27738894,13.03591567,47.79866133
FL7LRL,2023-12-27T15:48:10+0000,13.03591567,47.79866133,13.03776907,47.8039658
YJURU7,2023-12-27T15:47:26+0000,13.03586567,47.79866667,13.03778185,47.80405312
TGQR66,2023-12-29T11:55:14+0000,18.40800036,45.28580572,18.39710895,45.31018397
TGQR66,2023-12-23T18:29:55+0000,18.41068759,45.29737455,18.39712658,45.31018089
TGQR66,2023-12-31T09:11:52+0000,18.41252206,45.31293621,18.39735304,45.31024159
TGQR66,2024-01-05T11:28:39+0000,18.4081769,45.28582712,18.403408,45.2660735
TGQR66,2023-12-31T11:14:24+0000,18.4054851,45.30830568,18.403408,45.2660735
TGQR66,2024-01-05T21:34:58+0000,18.40556957,45.3082719,18.40342633,45.265968
TGQR66,2023-12-29T12:44:51+0000,18.40583926,45.30827647,18.403467,45.26615367
TGQR66,2023-12-30T08:59:52+0000,18.41167393,45.30990734,18.403467,45.26615367
TGQR66,2023-12-28T09:07:18+0000,18.41262649,45.30991704,18.403467,45.26615367
TGQR66,2023-12-28T12:12:17+0000,18.41533916,45.31674895,18.40528917,45.30825218
TGQR66,2024-01-02T10:40:15+0000,18.4117661,45.30992068,18.40532749,45.30822437
TGQR66,2023-12-28T19:17:07+0000,18.41125381,45.31381373,18.40536688,45.3082752
TGQR66,2023-12-27T10:58:36+0000,18.40796933,45.28584667,18.40538441,45.30821262
TGQR66,2024-01-05T12:16:05+0000,18.403408,45.2660735,18.4053952,45.30822468
TGQR66,2024-01-02T11:41:52+0000,18.40532749,45.30822437,18.4053952,45.30822468
TGQR66,2024-01-01T02:17:53+0000,18.405529,45.30827139,18.4054082,45.30824723
TGQR66,2024-01-05T13:24:35+0000,18.40960971,45.28433499,18.40546001,45.30800848
TGQR66,2023-12-29T15:30:05+0000,18.40558528,45.30816427,18.40547209,45.30828314
TGQR66,2023-12-31T10:29:36+0000,18.39735304,45.31024159,18.4054851,45.30830568
TGQR66,2023-12-31T20:27:39+0000,18.403408,45.2660735,18.405529,45.30827139
TGQR66,2024-01-05T17:35:39+0000,18.41071465,45.29736156,18.40555464,45.30825379
TGQR66,2024-01-05T17:55:57+0000,18.40555464,45.30825379,18.40556957,45.3082719
TGQR66,2023-12-30T17:45:58+0000,18.403467,45.26615367,18.40558528,45.30816427
TGQR66,2023-12-25T12:16:15+0000,18.4057773,45.30823613,18.40558528,45.30816427
TGQR66,2023-12-29T14:28:59+0000,18.40563154,45.30831225,18.40558528,45.30816427
TGQR66,2023-12-28T18:20:58+0000,18.41120478,45.31155729,18.40558528,45.30816427
TGQR66,2023-12-29T14:02:35+0000,18.403467,45.26615367,18.40563154,45.30831225
TGQR66,2024-01-04T11:17:41+0000,18.40803306,45.28588844,18.40563154,45.30831225
TGQR66,2023-12-24T09:19:28+0000,18.41152613,45.31324734,18.40576314,45.30824994
TGQR66,2023-12-24T12:16:05+0000,18.40576314,45.30824994,18.4057773,45.30823613
TGQR66,2023-12-29T12:24:44+0000,18.39710895,45.31018397,18.40583926,45.30827647
TGQR66,2023-12-27T10:08:37+0000,18.41218346,45.3101543,18.40796933,45.28584667
TGQR66,2023-12-29T10:13:46+0000,18.41148453,45.31319186,18.40800036,45.28580572
TGQR66,2024-01-04T10:02:37+0000,18.4117373,45.30996309,18.40803306,45.28588844
TGQR66,2024-01-05T10:17:01+0000,18.41225259,45.31014523,18.4081769,45.28582712
TGQR66,2024-01-02T13:37:37+0000,18.4053952,45.30822468,18.40821872,45.31270506
TGQR66,2023-12-23T20:02:22+0000,18.41573093,45.31225599,18.40894647,45.31077286
TGQR66,2024-01-05T12:57:25+0000,18.4053952,45.30822468,18.40960971,45.28433499
TGQR66,2023-12-23T17:11:50+0000,18.41144049,45.31329649,18.41068759,45.29737455
TGQR66,2024-01-05T14:41:03+0000,18.40546001,45.30800848,18.41071465,45.29736156
TGQR66,2024-01-02T09:13:23+0000,18.40962758,45.30370489,18.41101359,45.30367182
TGQR66,2023-12-28T15:34:21+0000,18.40528917,45.30825218,18.41120478,45.31155729
TGQR66,2023-12-28T18:51:27+0000,18.40558528,45.30816427,18.41125381,45.31381373
UUT9T3,2024-01-07T12:53:35+0000,11.96319642,48.09450434,18.41135105,45.31399553
TGQR66,2023-12-28T22:10:24+0000,18.40536688,45.3082752,18.41140423,45.31176053
TGQR66,2023-12-29T09:16:04+0000,18.41140423,45.31176053,18.41148453,45.31319186
TGQR66,2023-12-30T09:59:25+0000,18.40547209,45.30828314,18.41167393,45.30990734
TGQR66,2024-01-03T15:46:22+0000,18.405529,45.30827139,18.4117373,45.30996309
TGQR66,2024-01-02T10:15:12+0000,18.41101359,45.30367182,18.4117661,45.30992068
TGQR66,2024-01-04T21:34:34+0000,18.40547209,45.30828314,18.41225259,45.31014523
TGQR66,2023-12-30T19:11:26+0000,18.40558528,45.30816427,18.41252206,45.31293621
TGQR66,2023-12-27T22:56:56+0000,18.40535129,45.30825898,18.41262649,45.30991704
TGQR66,2024-01-02T15:16:13+0000,18.40821872,45.31270506,18.41300056,45.31346749
TGQR66,2023-12-28T10:54:07+0000,18.403467,45.26615367,18.41533916,45.31674895
TGQR66,2023-12-23T19:26:54+0000,18.39712658,45.31018089,18.41573093,45.31225599
TGQR66,2024-01-03T09:39:22+0000,18.67301946,45.5612927,18.63724171,45.55481498
TGQR66,2024-01-01T17:35:54+0000,18.41300056,45.31346749,18.67301946,45.5612927
TGQR66,2024-01-04T12:59:38+0000,18.40563154,45.30831225,18.78957268,45.29278275
